s{R[h͎s撬R[h,NO,s{,s撬,ꖼ,,ݒn,dbԍ,ܓx,ox
221309,1001,É,ls,k,,lsԐ쒬1977,(053)436-0302,34.773417,137.685222
221309,1002,É,ls,],,lst41-1,(053)441-2588,34.689879,137.725282
221309,5001,É,ls,O,l,lslOFu803,(053)524-2929,34.806059,137.558685
221309,7001,É,ls,V,V,lsV񖓒530-1,(053)926-1532,34.848844,137.809885
